{"cameraMode":{"drawMode":0,"name":"Shaded","section":"Shading Mode"},"sceneLighting":false,"audioPlay":false,"sceneViewState":{"showFog":true,"showMaterialUpdate":false,"showSkybox":false,"showFlares":true,"showImageEffects":true,"showParticleSystems":true,"showVisualEffectGraphs":true,"m_FxEnabled":true},"in2DMode":false,"pivot":{"x":-37.329986572265628,"y":16.924907684326173,"z":179.48414611816407},"rotation":{"x":0.141981840133667,"y":0.022562900558114053,"z":-0.003238158067688346,"w":0.9896100759506226},"size":0.6514075994491577,"orthographic":false}