{"cameraMode":{"drawMode":0,"name":"Shaded","section":"Shading Mode"},"sceneLighting":false,"audioPlay":false,"sceneViewState":{"showFog":true,"showMaterialUpdate":false,"showSkybox":false,"showFlares":true,"showImageEffects":true,"showParticleSystems":true,"showVisualEffectGraphs":true,"m_FxEnabled":true},"in2DMode":false,"pivot":{"x":45.48099899291992,"y":0.13599997758865357,"z":-21.913002014160158},"rotation":{"x":-0.02267216332256794,"y":-0.899490475654602,"z":0.43383580446243288,"w":-0.046997979283332828},"size":1.3631142377853394,"orthographic":false}